<?xml version="1.0" encoding="UTF-8"?>  
<web-app xmlns:xsi="http://www.w3.org/2001/XMLSchema-instance"  
    xmlns="http://java.sun.com/xml/ns/javaee"  
    xsi:schemaLocation="http://java.sun.com/xml/ns/javaee http://java.sun.com/xml/ns/javaee/web-app_3_0.xsd"  
    version="3.0">  
    <display-name>Archetype Created Web Application</display-name>  
   
	<context-param>
		<param-name>spring.profiles.active</param-name>
		 <param-value>dev</param-value>
	</context-param>
    <context-param>  
        <param-name>contextConfigLocation</param-name>  
        <param-value>classpath:spring/spring-context.xml</param-value>  
    </context-param>  

    <listener>
        <listener-class>com.alibaba.dubbo.remoting.http.servlet.BootstrapListener</listener-class>
    </listener>

    <listener>
        <listener-class>org.springframework.web.context.ContextLoaderListener</listener-class>
    </listener>

    <servlet>
        <servlet-name>dispatcher</servlet-name>
        <servlet-class>com.alibaba.dubbo.remoting.http.servlet.DispatcherServlet</servlet-class>
        <load-on-startup>1</load-on-startup>
    </servlet>

    <servlet-mapping>
        <servlet-name>dispatcher</servlet-name>
        <url-pattern>/*</url-pattern>
    </servlet-mapping>
   <!-- 
    <filter>  
        <filter-name>encodingFilter</filter-name>  
        <filter-class>org.springframework.web.filter.CharacterEncodingFilter</filter-class>  
        <async-supported>true</async-supported>  
        <init-param>  
            <param-name>encoding</param-name>  
            <param-value>UTF-8</param-value>  
        </init-param>  
    </filter>  
    <filter-mapping>  
        <filter-name>encodingFilter</filter-name>  
        <url-pattern>/*</url-pattern>  
    </filter-mapping>  
    Spring监听器  
    <listener>  
        <listener-class>org.springframework.web.context.ContextLoaderListener</listener-class>  
    </listener>  
    防止Spring内存溢出监听器  
    <listener>  
        <listener-class>org.springframework.web.util.IntrospectorCleanupListener</listener-class>  
    </listener>  
  
    Spring MVC servlet  
    <servlet>  
        <servlet-name>SpringMVC</servlet-name>  
        <servlet-class>org.springframework.web.servlet.DispatcherServlet</servlet-class>  
        <init-param>  
            <param-name>contextConfigLocation</param-name>  
            <param-value>classpath:spring/spring-mvc.xml</param-value>  
        </init-param>  
        <load-on-startup>1</load-on-startup>  
        <async-supported>true</async-supported>  
    </servlet>  
    <servlet-mapping>  
        <servlet-name>SpringMVC</servlet-name>  
        此处可以可以配置成*.do，对应struts的后缀习惯  
        <url-pattern>/</url-pattern>  
    </servlet-mapping>  
    <welcome-file-list>  
        <welcome-file>/index.jsp</welcome-file>  
    </welcome-file-list>  
   -->
</web-app>  